FunctionName,Average,Call 
Push,5011.821142§Á, 2994
Pop,6145.622445§Á, 2994

