FunctionName,Average,Call 
Pop,5533.755762§Á, 1996
Push,4983.639780§Á, 3992

