FunctionName,Average,Call 
Push,4082.370441§Á, 2994
Pop,4072.272144§Á, 2994

