FunctionName,Average,Call 
Push,3453.487842§Á, 2994
Pop,3994.954142§Á, 2994

