Thread ID,Function,Average,Max,Min,Call 
20416,Map_1 PathFind,267778.734694§Á, 553469.600000§Á, 197377.700000§Á, 98
20416,Map_2 PathFind,394736.507143§Á, 3142800.300000§Á, 279345.500000§Á, 98
20416,Map_3 PathFind,224574.353061§Á, 325191.600000§Á, 202763.500000§Á, 98

