Thread ID,Function,Average,Max,Min,Call 
23048,Map_1 PathFind,671114.894898§Á, 8870366.600000§Á, 372539.800000§Á, 98
23048,Map_2 PathFind,480134.225510§Á, 1421595.300000§Á, 336596.500000§Á, 98
23048,Map_3 PathFind,300100.415306§Á, 346031.900000§Á, 259320.300000§Á, 98

